Variable,Moyenne Pré-crise,Moyenne Post-crise,Différence (%),t-statistic,p-value,Cohen's d,Significatif (p<0.05)
ass_total,20072.56947169327,5295.165908955641,-73.61988998756243,6.603511789578602,4.26381540166444e-11,0.1914845971290378,✅ OUI
ass_trade,7183.54959553116,1731.386434816084,-75.89789822160942,5.599746470970962,2.2155838298956e-08,0.16237802417659528,✅ OUI
inc_trade,25.926688599375435,8.676253653334314,-66.53543463493706,2.3828959150505287,0.01719956358622663,0.06909775871286786,✅ OUI
in_roa,0.005436758917418459,0.004679300205640423,-13.932173989750874,3.66788839230325,0.0002461018349905443,0.10635918485416707,✅ OUI
rt_rwa,0.6122030838034698,0.5985033329453732,-2.2377788058471326,2.414534020897542,0.01577697761544667,0.07001518116096618,✅ OUI
in_roe,0.07311736190145732,0.05365021626028202,-26.624518629941562,6.3126670843857955,2.8843556415911785e-10,0.18305086020607972,✅ OUI
in_trade,-0.016409542054129075,0.03482489394829613,-312.223435812051,-6.270147902374817,3.7884252707241607e-10,-0.18181791496465874,✅ OUI
