Periode,Correlation,p-value,Significatif (p<0.05),n_observations
Pre-crise,-0.029312438836137388,0.26614317025165934,❌ NON,1441
Post-crise,-0.01662317562927719,0.17024058322151064,❌ NON,6808
