Cluster,Silhouette Score,Nombre points
0,0.8242537282740836,8124
1,0.1941628830424344,108
2,0.3645947276758623,2
3,0.45627021892537384,15
